Producto,Precio,Moneda,Disponibilidad,Link
Camisa Polo Ralph Lauren,893291,COP,28,https://www.mercadolibre.com.co/p/MLA89358
Teclado Mecánico Logitech G Pro,4554552,COP,21,https://www.mercadolibre.com.co/p/MLA72291
Colchón Orthopedic Queen,2927348,COP,23,https://www.mercadolibre.com.co/p/MLA18527
Mouse Gamer Razer DeathAdder,2232635,COP,39,https://www.mercadolibre.com.co/p/MLA22897
Licuadora Oster 1.5L,1310352,COP,3,https://www.mercadolibre.com.co/p/MLA24191
Guantes de Box Everlast Pro,1122877,COP,5,https://www.mercadolibre.com.co/p/MLA70741
Tablet Samsung Galaxy Tab S6 Lite,3165859,COP,3,https://www.mercadolibre.com.co/p/MLA67881
"Televisor Samsung 55"" 4K",4703346,COP,4,https://www.mercadolibre.com.co/p/MLA43763
Horno Microondas Panasonic,2355875,COP,1,https://www.mercadolibre.com.co/p/MLA25431
Colchoneta Yoga Antideslizante,3057601,COP,26,https://www.mercadolibre.com.co/p/MLA33966
"Televisor Samsung 55"" 4K",2434530,COP,38,https://www.mercadolibre.com.co/p/MLA37695
Reloj Casio G-Shock,3261321,COP,42,https://www.mercadolibre.com.co/p/MLA50077
Vestido Mango Casual,2804578,COP,3,https://www.mercadolibre.com.co/p/MLA79044
Cinta Caminadora NordicTrack,948017,COP,3,https://www.mercadolibre.com.co/p/MLA41084
Vestido Mango Casual,1968011,COP,48,https://www.mercadolibre.com.co/p/MLA54286
Bicicleta MTB GW Alligator,4798117,COP,35,https://www.mercadolibre.com.co/p/MLA27955
Smartwatch Apple Watch SE,4757227,COP,7,https://www.mercadolibre.com.co/p/MLA72546
Juego de Sábanas 400 hilos,417500,COP,25,https://www.mercadolibre.com.co/p/MLA19024
"Televisor Samsung 55"" 4K",3565099,COP,6,https://www.mercadolibre.com.co/p/MLA82860
Mochila Deportiva Puma,4090639,COP,34,https://www.mercadolibre.com.co/p/MLA33804
Audífonos Bluetooth Sony WH-1000XM4,102665,COP,20,https://www.mercadolibre.com.co/p/MLA89067
Mouse Gamer Razer DeathAdder,2024424,COP,8,https://www.mercadolibre.com.co/p/MLA61502
"Televisor Samsung 55"" 4K",4950302,COP,44,https://www.mercadolibre.com.co/p/MLA14427
Cafetera Nespresso Essenza Mini,2021177,COP,24,https://www.mercadolibre.com.co/p/MLA81102
Chaqueta Adidas Originals,398198,COP,48,https://www.mercadolibre.com.co/p/MLA73181
Reloj Casio G-Shock,1666546,COP,24,https://www.mercadolibre.com.co/p/MLA72944
Tablet Samsung Galaxy Tab S6 Lite,1186373,COP,41,https://www.mercadolibre.com.co/p/MLA81096
Patines Rollerblade Macroblade,823720,COP,31,https://www.mercadolibre.com.co/p/MLA90330
Horno Microondas Panasonic,3226109,COP,5,https://www.mercadolibre.com.co/p/MLA52541
Juego de Sábanas 400 hilos,758263,COP,48,https://www.mercadolibre.com.co/p/MLA84895
Bolso Michael Kors Jet Set,4025445,COP,9,https://www.mercadolibre.com.co/p/MLA68680
Sombrero Panamá,1229344,COP,44,https://www.mercadolibre.com.co/p/MLA53139
Parlante Inteligente Alexa Echo Dot,4208051,COP,12,https://www.mercadolibre.com.co/p/MLA76370
Aspiradora Robot Xiaomi Mi,3833670,COP,47,https://www.mercadolibre.com.co/p/MLA95948
Smartwatch Apple Watch SE,4347747,COP,7,https://www.mercadolibre.com.co/p/MLA18836
"Monitor LG UltraWide 29""",3246318,COP,20,https://www.mercadolibre.com.co/p/MLA86603
Pesas Ajustables Bowflex,399331,COP,1,https://www.mercadolibre.com.co/p/MLA15843
Smartwatch Apple Watch SE,394479,COP,18,https://www.mercadolibre.com.co/p/MLA43135
Bafle JBL PartyBox 310,3905773,COP,29,https://www.mercadolibre.com.co/p/MLA62108
Chaqueta Adidas Originals,1141901,COP,10,https://www.mercadolibre.com.co/p/MLA74470
Balón de Fútbol Adidas Copa Mundial,3939409,COP,48,https://www.mercadolibre.com.co/p/MLA89118
Mochila Deportiva Puma,672511,COP,3,https://www.mercadolibre.com.co/p/MLA98878
Guantes de Box Everlast Pro,1698073,COP,39,https://www.mercadolibre.com.co/p/MLA90808
Pantalón Levi's 501,4602348,COP,22,https://www.mercadolibre.com.co/p/MLA61927
Raqueta de Tenis Wilson Pro Staff,1681843,COP,36,https://www.mercadolibre.com.co/p/MLA38612
Horno Microondas Panasonic,876886,COP,16,https://www.mercadolibre.com.co/p/MLA24124
Cafetera Nespresso Essenza Mini,63252,COP,22,https://www.mercadolibre.com.co/p/MLA65292
Bolso Michael Kors Jet Set,3679789,COP,21,https://www.mercadolibre.com.co/p/MLA85837
Colchón Orthopedic Queen,3904403,COP,26,https://www.mercadolibre.com.co/p/MLA32318
Cortina Blackout 1.50x2.00m,2378886,COP,35,https://www.mercadolibre.com.co/p/MLA40225
Patines Rollerblade Macroblade,2146644,COP,23,https://www.mercadolibre.com.co/p/MLA21191
Chaqueta Adidas Originals,1129639,COP,26,https://www.mercadolibre.com.co/p/MLA62064
Smartwatch Apple Watch SE,4837557,COP,7,https://www.mercadolibre.com.co/p/MLA91238
Mochila Deportiva Puma,4240307,COP,44,https://www.mercadolibre.com.co/p/MLA31390
Sombrero Panamá,1511836,COP,15,https://www.mercadolibre.com.co/p/MLA55755
Smartwatch Apple Watch SE,4489641,COP,15,https://www.mercadolibre.com.co/p/MLA88119
Mochila Deportiva Puma,2618885,COP,32,https://www.mercadolibre.com.co/p/MLA65547
Audífonos Bluetooth Sony WH-1000XM4,1544266,COP,12,https://www.mercadolibre.com.co/p/MLA28072
Tablet Samsung Galaxy Tab S6 Lite,4208740,COP,2,https://www.mercadolibre.com.co/p/MLA93817
Reloj Casio G-Shock,3198743,COP,35,https://www.mercadolibre.com.co/p/MLA72618
Cinta Caminadora NordicTrack,721427,COP,45,https://www.mercadolibre.com.co/p/MLA84592
Colchoneta Yoga Antideslizante,3283460,COP,9,https://www.mercadolibre.com.co/p/MLA71430
Guantes de Box Everlast Pro,3357921,COP,46,https://www.mercadolibre.com.co/p/MLA51256
Bolso Michael Kors Jet Set,340816,COP,18,https://www.mercadolibre.com.co/p/MLA86958
Pantalón Levi's 501,1465936,COP,44,https://www.mercadolibre.com.co/p/MLA11638
Pantalón Levi's 501,222650,COP,24,https://www.mercadolibre.com.co/p/MLA20446
Balón de Fútbol Adidas Copa Mundial,1468923,COP,48,https://www.mercadolibre.com.co/p/MLA39074
Patines Rollerblade Macroblade,1734171,COP,3,https://www.mercadolibre.com.co/p/MLA92799
Camisa Polo Ralph Lauren,2231405,COP,36,https://www.mercadolibre.com.co/p/MLA90927
Bicicleta MTB GW Alligator,1699896,COP,43,https://www.mercadolibre.com.co/p/MLA32039
Chaqueta Adidas Originals,2225984,COP,5,https://www.mercadolibre.com.co/p/MLA14567
Licuadora Oster 1.5L,408848,COP,14,https://www.mercadolibre.com.co/p/MLA82681
Patines Rollerblade Macroblade,170736,COP,47,https://www.mercadolibre.com.co/p/MLA33733
Teclado Mecánico Logitech G Pro,4353441,COP,16,https://www.mercadolibre.com.co/p/MLA14745
Pesas Ajustables Bowflex,2901182,COP,18,https://www.mercadolibre.com.co/p/MLA70776
Horno Microondas Panasonic,4581832,COP,45,https://www.mercadolibre.com.co/p/MLA74992
Pantalón Levi's 501,601470,COP,45,https://www.mercadolibre.com.co/p/MLA46074
Reloj Casio G-Shock,1390307,COP,32,https://www.mercadolibre.com.co/p/MLA76182
Parlante Inteligente Alexa Echo Dot,3407537,COP,8,https://www.mercadolibre.com.co/p/MLA29729
Cafetera Nespresso Essenza Mini,4462412,COP,33,https://www.mercadolibre.com.co/p/MLA48953
Balón de Fútbol Adidas Copa Mundial,2084741,COP,29,https://www.mercadolibre.com.co/p/MLA77971
Parlante Inteligente Alexa Echo Dot,968550,COP,41,https://www.mercadolibre.com.co/p/MLA97383
Tablet Samsung Galaxy Tab S6 Lite,2316814,COP,3,https://www.mercadolibre.com.co/p/MLA69195
Reloj Casio G-Shock,3979215,COP,12,https://www.mercadolibre.com.co/p/MLA41532
Bolso Michael Kors Jet Set,326052,COP,16,https://www.mercadolibre.com.co/p/MLA59656
Licuadora Oster 1.5L,2643725,COP,4,https://www.mercadolibre.com.co/p/MLA30162
Cinturón de Cuero Fossil,1818443,COP,28,https://www.mercadolibre.com.co/p/MLA32299
Bafle JBL PartyBox 310,259335,COP,16,https://www.mercadolibre.com.co/p/MLA62677
Pantalón Levi's 501,4888118,COP,18,https://www.mercadolibre.com.co/p/MLA12008
Juego de Sábanas 400 hilos,3157180,COP,6,https://www.mercadolibre.com.co/p/MLA26496
Ventilador de Torre Samsung,1937702,COP,40,https://www.mercadolibre.com.co/p/MLA88047
Chaqueta Adidas Originals,671838,COP,46,https://www.mercadolibre.com.co/p/MLA67682
Gorra Nike Dri-FIT,4728743,COP,49,https://www.mercadolibre.com.co/p/MLA43029
Cinta Caminadora NordicTrack,1429225,COP,7,https://www.mercadolibre.com.co/p/MLA88234
Mochila Deportiva Puma,3903956,COP,44,https://www.mercadolibre.com.co/p/MLA65115
Reloj Casio G-Shock,4534428,COP,3,https://www.mercadolibre.com.co/p/MLA95451
Gorra Nike Dri-FIT,4717981,COP,44,https://www.mercadolibre.com.co/p/MLA29253
Colchón Orthopedic Queen,992966,COP,30,https://www.mercadolibre.com.co/p/MLA12455
Vestido Mango Casual,85244,COP,23,https://www.mercadolibre.com.co/p/MLA43323
Colchón Orthopedic Queen,692766,COP,28,https://www.mercadolibre.com.co/p/MLA83242
